headline, label, date
中 삼성 TV 임원 화웨이 TV 부문 이직,중립,5시간
삼성전자 '갤럭시Z폴드2'·'Z플립 5G' 11일부터 사전예약,호재,1일
"100만원 할인"까지 꺼낸 삼성 내일 예판 'Z폴드2' 대박 조짐,호재,15면1단
삼성전자·SW 개발자 2000여명 미래 고민한다,중립,1일
SKT 삼성·HPE·인텔과 5G망 가상화 맞손,호재,19시간
"2분기 국내 폰 시장 회복세"…삼성은 점유율 67%로 확대,호재,2시간
[단독] 삼성전자·코닝 폴더블폰용 UTG 가공업체 물색…상용화 ‘잰걸음’,호재,3시간
삼성전자 '갤럭시 Z 폴드2'·'갤럭시 Z 플립 5G',호재,19시간
삼성전자 장중 6만원 돌파…올 3분기 실적 기대감 '확대',호재,1일
SK텔레콤 '5G 네트워크 가상화' 선도...삼성전자·HPE·인텔과 협력,호재,9면3단
11번가 삼성 '갤럭시Z폴드2' 자급제폰 사전판매,호재,4시간
삼성전자 '삼성 오픈소스 콘퍼런스' 온라인 개최,중립,15시간
얼어 붙은 추석 경기 삼성 '구원투수'로 등판,중립,1일
[화웨이 제재 D-5] ① 삼성전자·SK하이닉스 등 국내 기업에 '불똥',호재,1일
삼성 합병 주총 직전 '36억원' 언론사 광고…이후 “엘리엇은 먹튀” 보도 봇...,호재,1시간
TSMC 화웨이 없이도 8월 사상 최고 매출... 삼성전자 추격 '진땀',호재,2시간
합병 주총 직전 ‘36억원 광고’ 언론 쥐고 흔든 삼성의 민낯,호재,1면1단
[단독] "삼성전자 공급망 관리 비윤리적"…프랑스 최대 소비자단체 제소,호재,26분
삼성전자·카카오 등 13개 기업 온라인 채용 설명회 연다,호재,7시간
삼성전자 '전담수리점' 서비스 유럽고객 사로잡았다,중립,13시간
3Q 어닝서프라이즈 기대감에…대장주 삼성전자 담는 外人,호재,3시간
삼성디지털플라자 깜짝 방문한 이재용 부회장 왜?,중립,1일
삼성 갤럭시워치액티브2 SW 업뎃…헬스케어 강화,호재,3시간
SKT-삼성-HPE-인텔 '5G 네트워크 가상화' 글로벌 초협력,호재,1일
삼성·LG디스플레이도 화웨이 패널 공급 끊어야…충격은?,중립,1일
[이슈분석] 삼성 잇단 대형 수주에 ‘방긋’…글로벌 경영 환경은?,호재,1일
삼성 '전고체' LG '리튬-황' 기술 과시…차세대 '2차전지' 경쟁 불붙는다,호재,7시간
톰브라운·휠라·BTS까지… 삼성전자 갤럭시 연이은 '콜라보' 통할까,호재,21시간
롯데하이마트온라인쇼핑몰 ‘삼성 어메이징 위크’ 진행,호재,2시간
'삼성전자 최신 폴더블폰 미리 만나보세요',중립,3분
삼성전자 英소비자와 '친밀한 브랜드' 6위…애플 제쳐,호재,7시간
삼성 게이밍 모니터 ‘오디세이 G9’ 해외 매체 극찬,호재,2일
차세대지능형반도체사업단 출범 삼성전자 SK하이닉스 참여,호재,21시간
삼성 협력사 1.1조원 물품대금 조기 지급,중립,1일
삼성전자 오디세이 G9 해외 시장서 호평,중립,2일
삼성전자 ‘갤럭시버즈 라이브’ 휠라 패키지 한정 판매,호재,3일
삼성 '갤럭시Z폴드2·플립 5G' 예약 시작…이통사 지원금 최대 24만원,호재,4시간
'한-유라시아 무역기술규제 협력' 삼성·엘지도 참여한다,중립,1일
“너무 비싸”… 삼성 QD-OLED 어쩌나,중립,10시간
위기 몰린 삼성·SK하이닉스 美 상무부에 '화웨이 수출' 허가 요청,호재,1일
"천만원에도 삽니다"... 삼성 '갤Z폴드2 톰브라운 에디션' 추첨 판매에 23만명...,호재,2일
재계가 e스포츠에 꽂힌 이유 | “e스포츠 즐긴다” MZ세대 50% 훌쩍 삼성에 금...,호재,3시간
삼성 추석 맞아 협력사에 대금 1.1조원 조기지급,중립,1일
삼성전자 갤럭시Z폴드2 초도물량 3배 늘려… “품귀현상 줄인다”,호재,2일
삼성 5G 네트워크 장비 이어 파운드리 사업도 성과 속도,호재,2일
삼성전자 TV용 OS 시장 1위…비결은 '타이젠',호재,2시간
상반기 세계 통신장비시장 화웨이 '독주'…삼성은 7위,호재,1일
이재용 부회장 삼성 디지털프라자 '깜짝 방문',중립,16면2단
이재용 삼성전자 부회장 가전 전략 회의 후 현장 점검,호재,1일
높아지는 삼성전자 3Q 실적 기대... 11조원 전망도,중립,1일
삼성전자 3분기도 어닝 서프라이즈 전망-삼성,중립,1일
삼성전자 ‘제7회 삼성 오픈소스 콘퍼런스’ 온라인 개최,중립,2시간
SK네트웍스 삼성폰 구매고객 특별보상…민팃ATM도 '눈길',호재,2시간
삼성전자 장중 6만원 돌파…3분기 영업익 10조 전망,호재,1일
삼성전자 장중 6만원 도달...화웨이 제재 반사 이익 기대,호재,1일
대장주 삼성전자 6만원 넘을까…3분기 영업익 10조 기대감 '솔솔',호재,7시간
LGU+ 갤Z폴드2·갤Z플립 5G 사전예약…삼성케어플러스 무료,호재,1일
6만원벽에 가로막힌 삼성전자…벽 뚫고 8만원까지 간다?,호재,23시간
[특징주] 삼성전자 3분기 실적 기대감에 2%대 상승,호재,1일
삼성·KT·네이버 등 하반기 신입공채 비대면이 대세,호재,2일
“삼성·SK 연매출 10조 단기 손실 우려”…돌파구는 없나?,호재,1일
한국SW산업협회 '온라인 채용 설명회'…삼성·카카오 등 참여,호재,1일
[특징주] 삼성전자 갤럭시Z 폴드2·플립5G 사전 예약에 강세,호재,1일
'삼성전자' 극찬한 기재차관 "기술패권경쟁 속 쾌거",호재,1일
삼성 특수 수도권 부동산 시장 움직여,중립,7시간
삼성전자 中 유일 TV 공장 생산 중단,중립,20시간
삼성전자에 공과대학 있다…고졸 입사 후 학비 부담없이 학위 취득,호재,5시간
삼성전자 美법인 사옥에 투자하는 리츠 나온다,중립,1일
삼성전자 10월 14일 '삼성 오픈소스 컨퍼런스' 온라인 개최,중립,1일
美화웨이 제재 삼성 등 韓기업 시련...화웨이 독자OS 사용,호재,6분
삼성전자 세계 1위 버라이즌에 8조원 5G 장비 공급,호재,4일
삼성전자·LG전자 등 '동반성장 최우수 기업',중립,14면1단
삼성전자 '잭팟' 터졌다…버라이즌에 8조원 5G 장비 공급,호재,4일
[카드뉴스] 삼성도 뛰어드는 ‘음식물 처리기’ 고를 때는 소음·전기료 따져...,호재,3시간
기업 동반성장 ‘최우수’ 35곳…삼성전자 ‘9년 연속’,호재,2일
"印 정부 삼성 휴대폰 수출 인센티브 신청서 승인",호재,19시간
톰브라운 갤폴드 이어 휠라 갤버라…삼성전자 이유 있는 '콜라보',호재,2일
[그래픽] 삼성전자·SK하이닉스 매출 화웨이 비중,중립,1일
새로 재산등록한 의원이 보유한 주식 종목 삼성전자 셀트리온 LG디스플레이 ...,호재,2일
지역 부동산시장 기폭제 '삼성효과' 눈길,중립,1일
“고객 반응은요?”… 이재용 삼성 매장 깜짝 방문,중립,20면1단
흔들리는 중국 반도체 독립…삼성·SK 득실은?,중립,4시간
삼성전자의 버라이즌 ‘8조딜’ 액수 그 이상의 의미,호재,3일
삼성전자·네이버 등 35개 기업 동반성장지수 최우수 평가,호재,2일
삼성전자 中 톈진 TV공장도 가동 중단,중립,13면2단
[단독] 삼성·LG 美 제재 화웨이에 스마트폰 패널 공급 중단 가닥… "하반기...,호재,2일
"소형 프리미엄 TV시장 잡아라"…삼성·LG 글로벌 라인업 확대,호재,1시간
삼성전자 '갤럭시Z폴드2'·'Z플립 5G' 11일부터 사전예약…18일 출시,호재,1일
삼성 추석맞이 온라인 장터…협력사엔 1조 1천억 조기지급,호재,1일
삼성 추석 맞아 협력사 자금지원... 물품대금 1.1조원 조기 지급,호재,1일
삼성 이번엔 5G… 美 버라이즌과 ‘8조 빅딜',중립,1면1단
삼성 추석 맞아 협력사에 물품 대금 1조1천억원 조기지급,호재,1일
삼성전자 영업익 10조 달성할까…연이은 '잭팟'에 3Q 실적 기대감 ↑,호재,4일
SW 개발자 2000명이 한자리에…삼성 오픈소스 콘퍼런스 10월 14일 온라인 개최,호재,1일
삼성전자 '제7회 삼성 오픈소스 콘퍼런스' 온라인 개최…최신 IT기술 정보 공...,호재,1일
롯데하이마트온라인쇼핑몰 인기 제품 모아 '삼성 어메이징 위크' 진행,호재,46분
SKT·삼성·HPE·인텔 '초협력' 손잡았다…'5G망 가상화' 도전,호재,1일
삼성전자 '갤럭시 Z폴드2·갤럭시 Z플립 5G' 11일부터 사전예약,호재,1일
삼성 '오디세이 G9' 글로벌 시장에서 '최고의 게이밍 모니터'로 호평,호재,2일
'한-유라시아 무역기술규제 협력' 삼성·엘지도 참여한다,중립,1일
“너무 비싸”… 삼성 QD-OLED 어쩌나,중립,10시간
삼성전자 11일부터 갤럭시Z 폴드2 예판...'갤럭시버즈라이브' 증정,호재,1일
삼성전자 11일부터 갤Z폴드2·갤Z플립 5G 사전예약,호재,1일
"카카오·삼성전자 취업 매칭"…미래 신산업 취업설명회,호재,7시간
2분기 국내 스마트폰 시장 회복세…삼성·애플 늘고 LG 줄고,호재,1시간
위기 몰린 삼성·SK하이닉스 美 상무부에 '화웨이 수출' 허가 요청,호재,1일
삼성전자 ‘제7회 삼성 오픈소스 콘퍼런스’ 온라인 개최,중립,1일
"전담수리점 확대"…발칸반도 공략나선 삼성전자,중립,1시간
삼성전자 애플 제치고 英소비자에 '친밀한 브랜드' 6위 선정,호재,4시간
"천만원에도 삽니다"... 삼성 '갤Z폴드2 톰브라운 에디션' 추첨 판매에 23만명...,호재,2일
삼성전자 제7회 삼성 오픈소스 콘퍼런스 온라인 개최,중립,1일
삼성전자 ‘갤럭시 Z 폴드2’·‘갤럭시 Z 플립 5G’ 11일부터 사전 예약,호재,1일
재계가 e스포츠에 꽂힌 이유 | “e스포츠 즐긴다” MZ세대 50% 훌쩍 삼성에 금...,호재,3시간
삼성전자 10월 '제7회 삼성 오픈소스 콘퍼런스' 개최,중립,1일
삼성 '갤Z폴드2·갤Z플립5G' 11일부터 사전 예약,호재,1일
삼성 추석 맞아 협력사에 대금 1.1조원 조기지급,중립,1일
롯데하이마트 온라인몰 삼성전자 인기 제품 모아 '어메이징 위크' 진행,호재,1시간
삼성전자 '오픈소스 콘퍼런스' 온라인 개최… "SW 생태계 확장",중립,1일
삼성 '갤Z폴드2·갤Z플립5G' 11일부터 사전 예약,호재,1일
SKT?삼성?HPE-인텔 ‘5G 네트워크 가상화’ 상용화 초협력 구축,호재,1일
삼성전자 갤럭시 Z 폴드2·Z 플립 5G 11일부터 사전 예약,호재,1일
삼성 추석 맞아 협력사에 대금 1.1조원 조기지급,중립,1일
롯데하이마트 온라인몰 삼성전자 인기 제품 모아 '어메이징 위크' 진행,호재,1시간
삼성전자 갤럭시Z폴드2 초도물량 3배 늘려… “품귀현상 줄인다”,호재,2일
삼성 5G 네트워크 장비 이어 파운드리 사업도 성과 속도,호재,2일
SKT 삼성-HPE-인텔과 '5G 네트워크 가상화' 상용화 위한 업무협약 체결,호재,1일
SKT 삼성·HPE·인텔과 '5G 네트워크 가상화' 협력,호재,1일
삼성전자 갤럭시Z폴드2 초도물량 3배 늘려… “품귀현상 줄인다”,호재,2일
"이번에도 갤버라 준다"…삼성 '갤Z폴드2·갤Z플립 5G' 예약판매 개시,호재,1일
삼성전자 '제7회 삼성 오픈소스 콘퍼런스' 온라인 개최,중립,1일
삼성 5G 네트워크 장비 이어 파운드리 사업도 성과 속도,호재,2일
SKT 삼성-HPE-인텔과 '5G 네트워크 가상화' 상용화 위한 업무협약 체결,호재,1일
SKT 삼성·HPE·인텔과 '5G 네트워크 가상화' 협력,호재,1일
SKT-삼성-HPE-인텔 '5G 네트워크 가상화’ 글로벌 협약,호재,22시간
삼성전자 SW 개발자 축제 연다...리눅스 재단·네이버·SK하이닉스도 참여,호재,1일
삼성전자 ‘갤럭시 Z 폴드2·플립 5G’ 11일부터 사전 예약,호재,1일
삼성전자 제7회 삼성 오픈소스 콘퍼런스 10월 14일 온라인 개최,호재,22시간
삼성전자 SW 개발자 축제 연다...리눅스 재단·네이버·SK하이닉스도 참여,호재,1일
삼성전자 ‘갤럭시 Z 폴드2·플립 5G’ 11일부터 사전 예약,호재,1일
삼성전자 TV용 OS 시장 1위…비결은 '타이젠',호재,2시간
SKT-삼성전자-HPE-인텔 ‘5G 네트워크 가상화’ 협력체계 구축,호재,21시간
삼성 비대면 추석· 내수 살리기 앞장,중립,1일
상반기 세계 통신장비시장 화웨이 '독주'…삼성은 7위,호재,1일
2분기 국내 스마트폰 시장 9% 증가...삼성 오르고 LG 내리고,호재,2시간
SK텔레콤 삼성·HPE·인텔과 ‘5G망 가상화’ 글로벌 협력,호재,22시간
이재용 부회장 삼성 디지털프라자 '깜짝 방문',중립,16면2단
삼성 오픈소스 콘퍼런스 내달 14일 온라인 개최,중립,1일
삼성전자 '갤럭시 Z 폴드2'·'Z 플립 5G' 사전 예약,호재,1일
이재용 부회장 삼성 디지털프라자 '깜짝 방문',중립,16면2단
SKT-삼성전자-HPE-인텔'5G 네트워크 가상화' 글로벌 협력체계 구축,호재,1일
삼성 추석맞이 협력사 1.1조원 미리 지급·온라인 장터 운영,호재,1일
이재용 삼성전자 부회장 가전 전략 회의 후 현장 점검,호재,1일
삼성전자 '제7회 삼성 오픈소스 콘퍼런스' 온라인 개최,중립,22시간
삼성전자 갤럭시 Z 폴드2·갤럭시 Z 플립 5G 11일부터 사전 예약 실시,호재,22시간
높아지는 삼성전자 3Q 실적 기대... 11조원 전망도,중립,1일
'삼성 오픈소스 콘퍼런스(SOSCON)' 로고,중립,1일
이재용 부회장 예고 없이 삼성디지털프라자 '깜짝방문',중립,1일
삼성전자 '제7회 삼성 오픈소스 콘퍼런스' 10월 14일 온라인 개최,호재,1일
SKT 삼성전자와 ‘5G 네트워크 가상화’ 상용화 위한 '초협력' 체계 구축,호재,1일
삼성 '갤럭시 Z 폴드2' '갤럭시 Z 플립 5G' 사전 예약 실시,호재,1일
삼성전자 갤럭시 Z 폴드2·갤럭시 Z 플립 5G 11일부터 사전 예약 실시,호재,22시간
높아지는 삼성전자 3Q 실적 기대... 11조원 전망도,중립,1일
삼성 11일부터 갤Z폴드2·갤Z플립5G 사전 예약,호재,1일
SKT·삼성·HPE·인텔 5G 가상화 초협력,호재,1일
삼성전자 3분기도 어닝 서프라이즈 전망-삼성,중립,1일
삼성 오픈소스 콘퍼런스 10월 14일 온라인 개최,중립,1일
"5G·AI 최신기술 공유"…삼성 오픈소스 콘퍼런스 10월 온라인 개최,호재,11면1단
삼성전자 '갤럭시Z 폴드2'·'갤럭시Z 플립 5G' 11일부터 사전 예약 실시,호재,1일
삼성 11일부터 갤Z폴드2·갤Z플립5G 사전 예약,호재,1일
SKT·삼성·HPE·인텔 5G 가상화 초협력,호재,1일
삼성전자 3분기도 어닝 서프라이즈 전망-삼성,중립,1일
삼성전자 ‘제7회 삼성 오픈소스 콘퍼런스’ 온라인 개최,중립,2시간
SK네트웍스 삼성폰 구매고객 특별보상…민팃ATM도 '눈길',호재,2시간
삼성 폴드2·플립5G 내일부터 사전 예약,호재,1일
삼성 폴드2·플립5G 내일부터 사전 예약,호재,1일
삼성전자 갤Z폴드2·Z플립5G 11일부터 사전예약...18일 출시,호재,1일
삼성전자 2000명 개발자 모이는 ‘오픈소스 콘퍼런스’ 온라인 개최,호재,1일
11번가 삼성 ‘갤럭시Z폴드2’ 자급제폰 사전판매 개시,호재,3시간
삼성전자 다음달 14일 오픈소스 컨퍼런스 개최,중립,1일
삼성그룹 임직원 20만명 '내수 살리기' 힘 보탠다,호재,1일
카카오·KT·삼성전자 등 공대생 대상 온라인 채용설명회 개최,호재,7시간
KB證 "삼성전자 어닝 서프라이즈 기대…목표가↑",호재,1일
삼성전자 '갤럭시 Z 폴드2 · Z 플립 5G' 11일부터 사전 예약 실시,호재,1일
KB證 "삼성전자 어닝 서프라이즈 기대…목표가↑",호재,1일
삼성전자 장중 6만원 돌파…3분기 영업익 10조 전망,호재,1일
삼성 개발자 콘퍼런스 10월 14일 개최…"소프트웨어 생태계 확장",중립,1일
삼성전자 '제7회 삼성 오픈소스 콘퍼런스' 온라인 개최,중립,1일
삼성디지털프라자 찾아온 손님…알고보니 이재용 부회장,중립,1일
SKT-삼성-HPE-인텔 ‘5G 망 가상화’ 상용화 글로벌 협력,호재,1일
삼성전자 장중 6만원 도달...화웨이 제재 반사 이익 기대,호재,1일
삼성 게이밍 모니터 '오디세이 G9' 해외 매체 호평,호재,1일
SKT·삼성전자·HPE·인텔 '5G 네트워크 가상화' 상용화 나서,호재,1일
삼성전자 국내 최대 오픈소스 컨퍼런스 `SOSCON` 10월 온라인 개최,호재,1일
“고객 반응은요?”..이재용 삼성 매장 깜짝 방문,중립,1일
대장주 삼성전자 6만원 넘을까…3분기 영업익 10조 기대감 '솔솔',호재,7시간
LGU+ 갤Z폴드2·갤Z플립 5G 사전예약…삼성케어플러스 무료,호재,1일
삼성-SK 15일부터 화웨이에 반도체 공급중단,중립,2일
삼성 추석맞이 온라인 장터…협력사엔 1조1천억원 조기지급,호재,1일
삼성전자 11일부터 갤럭시Z 폴드2·플립 5G 사전예약 실시,호재,1일
6만원벽에 가로막힌 삼성전자…벽 뚫고 8만원까지 간다?,호재,23시간
SW개발자 행사 '삼성 오픈소스 콘퍼런스' 내달 14일 온라인 개최,호재,1일
[특징주] 삼성전자 3분기 실적 기대감에 2%대 상승,호재,1일
SW개발자 행사 '삼성 오픈소스 콘퍼런스' 내달 14일 온라인 개최,호재,1일
[특징주] 삼성전자 3분기 실적 기대감에 2%대 상승,호재,1일
삼성의 통 큰 상생…추석맞아 협력사에 '1.1조' 조기지급,호재,1일
끝판왕 삼성 갤럭시Z폴드2 오늘부터 예약 "100만원 지급",호재,7시간
[특징주] 삼성전자 3분기 호실적 기대감에 장중 6만원 돌파,호재,1일
SKT 삼성전자·인텔·HPE와 5G 네트워크 가상화 위해 초협력 체계 구축,호재,1일
삼성·KT·네이버 등 하반기 신입공채 비대면이 대세,호재,2일
삼성디지털플라자 깜짝 방문한 이재용 부회장,중립,1일
삼성전자 '갤럭시 Z 폴드2·갤럭시 Z 플립 5G' 11일 사전 예약 시작,호재,1일
삼성·KT·네이버 등 하반기 신입공채 비대면이 대세,호재,2일
삼성디지털플라자 깜짝 방문한 이재용 부회장,중립,1일
삼성전자 '갤럭시 Z 폴드2·갤럭시 Z 플립 5G' 사전 예약,호재,1일
삼성전자 '갤럭시 Z 폴드2·갤럭시 Z 플립 5G' 11일 사전 예약 시작,호재,1일
[특징주] 삼성전자 3Q 실적 개선 기대감에 장중 6만원 진입,호재,1일
“삼성·SK 연매출 10조 단기 손실 우려”…돌파구는 없나?,호재,1일
SK텔레콤 삼성전자-HPE-인텔과 협약 체결,중립,1일
한국SW산업협회 '온라인 채용 설명회'…삼성·카카오 등 참여,호재,1일
SKT 삼성·HPE·인텔과 '5G망 가상화' 글로벌 협력,호재,1일
“국내 최대 규모” 삼성전자 ‘제7회 삼성 오픈소스 콘퍼런스’ 온라인 개최,호재,1일
삼성전자 '갤럭시 Z 폴드2·갤럭시 Z 플립 5G' 11일부터 사전 예약 실시,호재,1일
[TF특징주] 삼성전자 3분기 최대 실적 기대감에 6만 원 돌파,호재,1일
SKT 삼성·HPE·인텔과 '5G망 가상화' 글로벌 협력,호재,1일
“국내 최대 규모” 삼성전자 ‘제7회 삼성 오픈소스 콘퍼런스’ 온라인 개최,호재,1일
화웨이 제재 15일 발효…삼성·SK하이닉스도 판매 중단,호재,2일
삼성전자 7회 삼성 오픈소스 콘퍼런스 온라인 개최,중립,1일
이재용 부회장 삼성디지털프라자 '깜짝' 등장한 이유는?,중립,1일
삼성전자 '갤럭시 Z 폴드2' '갤럭시 Z 플립 5G' 11~15일 사전 예약,호재,1일
화웨이 상반기 세계 통신장비시장 1위…삼성은 7위,호재,1일
삼성 게이밍 모니터 '오디세이 G9' 글로벌 호평,중립,2일
삼성 게이밍 모니터 '오디세이 G9' 글로벌 호평,중립,2일
삼성 추석 온라인 장터 운영···협력사엔 1조원대 대금 선지급,호재,1일
화웨이 상반기 전체 통신장비 시장 1위…삼성전자 7위,호재,1일
[특징주]삼성전자 3분기 최대 실적 기대감에 장중 6만원 돌파,호재,1일
삼성 ‘갤Z폴드2-플립 5G’ 11일 예판…중고폰 100만원 보상,호재,1일
삼성 '오디세이 G9' 해외서 "최고의 게이밍 모니터" 호평,호재,2일
삼성전자 '올해 오픈소스 콘퍼런스'서 코로나 이후 뉴노멀 논의,호재,1일
삼성전자 '갤럭시Z 폴드2·Z 플립 5G' 사전 예약 혜택 공개,호재,1일
삼성 추석 맞아 내수 활성화를 위해 온라인 장터 운영,호재,1일
화웨이 올 상반기 세계 통신장비 시장 1위... 삼성 7위,호재,1일
삼성전자 '갤럭시Z 폴드2·Z 플립 5G' 사전 예약 혜택 공개,호재,1일
삼성전자 '제7회 삼성 오픈소스 콘퍼런스' 온라인 개최,중립,1일
삼성 1.1조원 규모 협력사 물품대금 조기 지급… 추석 내수 활성화 지원,호재,1일
삼성 추석 맞아 협력사 물품 대금 1조 1000억원 조기 지급,호재,25면2단
삼성전자·SK하이닉스 미국 정부에 '화웨이 반도체 수출' 허가 요청,호재,1일
SKT 삼성전자·HPE·인텔과 손잡고 '5G 망 가상화' 선도,호재,22시간
'세계의 화약고' 발칸반도 공략 성공한 삼성의 비결,중립,2시간
[특징주] 삼성전자 갤럭시Z 폴드2·플립5G 사전 예약에 강세,호재,1일
[특징주] 삼성전자 갤럭시Z 폴드2·플립5G 사전 예약에 강세,호재,1일
'삼성전자' 극찬한 기재차관 "기술패권경쟁 속 쾌거",호재,1일
삼성전자 5G·AI·로봇·빅데이터 등 개발자 행사 '오픈소스 콘퍼런스' 온라...,호재,1일
