News,Date,label
KT&G;·SKT·농심·신세계 등 13곳…20년간 연속 흑자 냈다,2020.09.09.,호재
"[농심] 농심 `신라면블랙`, 전세계가 `블랙`에 꽂혔다…한국의 맛·영양살린 프리미엄 라면",2020.09.10.,호재
재계가 e스포츠에 꽂힌 이유 | “e스포츠 즐긴다” MZ세대 50% 훌쩍 삼성에 금융권까지 ‘차세대 먹거리’로,2020.09.11.,악재
태풍 이겨낸 포도 수확 … 반기는 농심,2020.09.09.,중립
"""추석이 코앞인데""…연이은 태풍피해에 속타는 농심",2020.09.08.,호재
"농심, 북미 시장 공략 속도...외국인도 식사대용으로 '한국 라면'",2020.09.08.,호재
농심 ‘신라면 블랙사발 두부김치’ 출시,2020.08.31.,중립
"농심, 진짜 두부 넣은 '신라면블랙사발 두부김치' 출시",2020.08.31.,호재
"농심, '신라면블랙사발 두부김치' 출시",2020.08.31.,중립
"농심, 깊은 국물 맛 살린 '신라면블랙사발 두부김치' 선봬",2020.08.31.,중립
신선 배송 원조는 '판교 수박'…농심 라면이 키운 '소떼 목장',2020.09.06.,호재
"농심, 라면 부문 견조한 성장…""3Q 실적 전망치 웃돌 것""-하나",2020.09.03.,호재
"[클릭 e종목] ""농심, 3분기 실적 시장 예상치 넘어설 것""",2020.09.03.,중립
"[포토에세이] 풍년을 기다리는 농심, 야속한 참새떼",2020.09.10.,호재
뉴욕타임스도 인정한 농심 '신라면블랙'... 두부김치맛 출시,2020.09.04.,악재
농심 ‘신라면블랙사발 두부김치’ 출시,2020.08.31.,중립
농심 ‘ 신라면블랙사발 두부김치’ 출,2020.08.31.,중립
"“라면에 두부가 퐁당”, 농심 ‘신라면블랙사발 두부김치’ 출시",2020.08.31.,중립
애타는 농심,2020.09.08.,중립
애타는 농심,2020.09.08.,중립
애타는 농심,2020.09.08.,중립
"썩어가는 사과, 썩어 문드러는 농심",2020.09.08.,호재
"""할 말을 잃었어요""...수확 앞두고 태풍에 주저앉은 농심",2020.09.03.,중립
"'태풍에 떨어진 배, 속 타는 농심'",2020.09.03.,중립
"태풍 피해 막심한다 또 예보된 태풍, 속타는 농심",2020.09.03.,호재
농심 미국 제2공장 부지 변경…LA인근 제1공장 물류창고 활용,2020.08.28.,호재
농심 미국 제2공장 부지 변경…LA인근 제1공장 물류창고 활용하기로,2020.08.28.,호재
"농심, 美 2공장 설립 부지 이전…""당초 예정지, 야생동물 서식지로 개발 제한""",2020.08.28.,중립
글로벌 코로나19망 뚫은 K-푸드 '라면·김치'…수출효자 등극,2020.09.08.,호재
‘국내 생산중단’에서 ‘세계 최고’로…신라면블랙 무슨 일이?,2020.09.07.,중립
낙과 피해에 주저 앉은 농심,2020.09.03.,호재
신라면블랙 ‘세계 라면킹’ 돼 화려한 복귀,2020.09.08.,중립
농심 ‘깡 스낵’  열풍에… 7월 매출 100억 첫 돌파,2020.08.12.,호재
'1일 3깡'의 힘…농심 '깡 시리즈' 월 100억 어치 팔렸다,2020.08.12.,중립
'깡' 열풍에 농심 과자도 인기…월매출 100억원 돌파,2020.08.12.,호재
농심 '깡 스낵' 매출 껑충..최초로 월매출 100억원 넘어,2020.08.12.,중립
'깡' 열풍에…농심 '깡 스낵' 월매출 100억 돌파,2020.08.12.,호재
[fn포토] 수마가 할퀸 농심…원희룡 지사 “피해 복구 최선”,2020.09.04.,호재
"""라면시장이 다시 뜨거워진다""…농심·오뚜기에 풀무원 재도전장",2020.08.26.,호재
"'70년대生' 농심 '깡 시리즈', 일냈다···한달에 100억씩 팔렸다",2020.08.12.,호재
식을 줄 모르는 '깡' 열풍…농심 '깡 스낵' 월 매출 100억 첫 돌파,2020.08.12.,악재
"농심켈로그, 공식 인스타그램 통합 채널 오픈",2020.08.27.,중립
"코로나 2차 확산…라면업계 빅3, 상반기 이어 하반기도 '청신호'",2020.09.02.,호재
"美뉴욕타임스가 꼽은 세계 1등 라면 ""농심 신라면블랙""",2020.07.02.,중립
"농심 '신라면블랙', 뉴욕타임즈가 꼽은 세계 최고의 라면 선정",2020.07.02.,중립
NYT “세계 최고 라면은 농심 신라면블랙”,2020.07.02.,중립
[한 컷] 태풍에 쓰러진 벼 세우는 농심,2020.09.04.,중립
[뉴시스 2020 한류엑스포]기업대상에 LG생건·농심·CJ제일제당·대웅제약·하이트진로,2020.08.26.,호재
펄펄 끓는 K라면…농심 상반기 美매출 사상 최대,2020.07.13.,호재
코로나19·기생충 덕에…농심 미국법인 최대 매출 올려,2020.07.13.,호재
[유통맞수] 'K라면 삼총사' 농심·오뚜기·삼양식품… 코로나를 뚫다,2020.08.24.,호재
"[뉴시스 2020 한류엑스포]농심, 라면 세계화 두각…뉴시스 사장상 수상",2020.08.26.,중립
"농심, 2분기 영업익 414억원…지난해보다 404%↑",2020.08.14.,중립
'K라면' 열풍에 농심 2분기 영업이익 404% 성장,2020.08.14.,호재
"""장마 이어 태풍까지""…애타는 '농심'",2020.08.27.,호재
뉴시스 사장상 수상한 농심,2020.08.26.,중립
'2020 뉴시스 K-EXPO' 한류기업대상 수상하는 (주)농심,2020.08.26.,중립
"농심, '2020 뉴시스 K-EXPO' 한류기업대상 뉴시스 사장상",2020.08.26.,중립
[식품박물관]①'글로벌 누들 시장의 BTS' 신라면 블랙,2020.09.03.,호재
"농심, 美 대륙 강타…상반기 매출 35% 급증",2020.07.13.,호재
"“미국인 울린 신라면”… 농심, 상반기 美 매출 35% 성장",2020.07.13.,호재
"농심, 홍수피해 이재민에 백산수·신라면 지원",2020.08.04.,호재
"농심, 수해지역 긴급구호 나서…컵라면·백산수 각 2만병 지원",2020.08.04.,호재
"농심, 수해지역 긴급구호..""컵라면 2만개, 백산수 2만병 지원""",2020.08.04.,중립
"농심, 재해지역 긴급구호...컵라면 2 만개, 백산수 2 만병 지원",2020.08.04.,중립
"백종원 앞세운 ‘갓뚜기’, 압도적 1위 농심 맹추격 나섰다",2020.07.24.,호재
"농심 美 법인, 올 상반기 1억6400만불 매출…전년 比 35% 성장",2020.07.13.,호재
"""신라면 미국인 입맛 잡다""…농심, 상반기 매출 35% 성장",2020.07.13.,중립
"‘K푸드’ 신라면 열풍에… 농심, 미국 매출 35% 껑충",2020.07.13.,호재
"농심, 코로나19 라면 인기 계속…목표가↑-NH",2020.08.18.,중립
뉴욕타임즈가 꼽은 세계 최고의 라면 ‘농심 신라면블랙’,2020.07.02.,중립
[‘파맛’ 시리얼이 출시된 사연] ‘B급 마케팅’ MZ세대 사로잡다,2020.08.31.,중립
"농심, 신라면배 바둑대회 결승 사상 첫 온라인 대국 결정",2020.08.03.,중립
"농심, 두부가 들어간 유일한 라면…한 끼 식사로 거뜬",2020.08.31.,중립
"태풍 피해 막심한다 또 예보된 태풍, 속타는 농심",2020.09.03.,호재
농심 미국 제2공장 부지 변경…LA인근 제1공장 물류창고 활용,2020.08.28.,호재
농심 미국 제2공장 부지 변경…LA인근 제1공장 물류창고 활용하기로,2020.08.28.,호재
"농심, 美 2공장 설립 부지 이전…""당초 예정지, 야생동물 서식지로 개발 제한""",2020.08.28.,중립
"태풍 피해 막심한다 또 예보된 태풍, 속타는 농심",2020.09.03.,호재
"[STOCK] 라면, 미국서 식사대용 급부상… 농심, 해외매출 비중 41%까지",2020.09.03.,중립
농심 미국 제2공장 부지 변경…LA인근 제1공장 물류창고 활용,2020.08.28.,호재
농심 미국 제2공장 부지 변경…LA인근 제1공장 물류창고 활용하기로,2020.08.28.,호재
"농심, 美 2공장 설립 부지 이전…""당초 예정지, 야생동물 서식지로 개발 제한""",2020.08.28.,중립
"농심, 신라면블랙사발 두부김치  출시",2020.08.31.,중립
농심 미국 제2공장 부지 변경…LA인근 제1공장 물류창고 활용,2020.08.28.,호재
농심 미국 제2공장 부지 변경…LA인근 제1공장 물류창고 활용하기로,2020.08.28.,호재
"농심, 美 2공장 설립 부지 이전…""당초 예정지, 야생동물 서식지로 개발 제한""",2020.08.28.,중립
"농심, 김치찌개 맛 살린 ‘신라면블랙사발 두부김치’ 출시",2020.08.31.,중립
"농심, ‘신라면블랙사발 두부김치’ 출시…""두부 들어간 유일한 라면, 한 끼 식사로 거뜬""",2020.08.31.,중립
"농심, 두부김치 넣은 신라면 블랙 김치찌개 출시",2020.08.31.,호재
농심 미국 제2공장 부지 변경…LA인근 제1공장 물류창고 활용하기로,2020.08.28.,호재
"농심, 美 2공장 설립 부지 이전…""당초 예정지, 야생동물 서식지로 개발 제한""",2020.08.28.,중립
글로벌 코로나19망 뚫은 K-푸드 '라면·김치'…수출효자 등극,2020.09.08.,호재
"농심, 두부김치 넣은 신라면 블랙 김치찌개 출시",2020.08.31.,호재
뉴욕타임즈 선정 세계 최고의 ‘신라면블랙’ 두부김치 맛은?,2020.08.31.,중립
농심 미국 제2공장 부지 변경…LA인근 제1공장 물류창고 활용하기로,2020.08.28.,호재
"농심, 美 2공장 설립 부지 이전…""당초 예정지, 야생동물 서식지로 개발 제한""",2020.08.28.,중립
글로벌 코로나19망 뚫은 K-푸드 '라면·김치'…수출효자 등극,2020.09.08.,호재
글로벌 코로나19망 뚫은 K-푸드 '라면·김치'…수출효자 등극,2020.09.08.,호재
"""할 말을 잃었어요""...수확 앞두고 태풍에 주저앉은 농심",2020.09.03.,중립
‘국내 생산중단’에서 ‘세계 최고’로…신라면블랙 무슨 일이?,2020.09.07.,중립
"""할 말을 잃었어요""...수확 앞두고 태풍에 주저앉은 농심",2020.09.03.,중립
‘국내 생산중단’에서 ‘세계 최고’로…신라면블랙 무슨 일이?,2020.09.07.,중립
낙과 피해에 주저 앉은 농심,2020.09.03.,호재
신라면블랙 ‘세계 라면킹’ 돼 화려한 복귀,2020.09.08.,중립
신라면블랙 ‘세계 라면킹’ 돼 화려한 복귀,2020.09.08.,중립
"농심, 美 2공장 설립 부지 이전…""당초 예정지, 야생동물 서식지로 개발 제한""",2020.08.28.,중립
"'미국서 펄펄 나는데…' 농심, 美 신공장 설립 재검토",2020.08.28.,호재
농심 ‘깡 스낵’  열풍에… 7월 매출 100억 첫 돌파,2020.08.12.,호재
'깡' 열풍에 농심 과자도 인기…월매출 100억원 돌파,2020.08.12.,호재
'깡' 열풍에…농심 '깡 스낵' 월매출 100억 돌파,2020.08.12.,호재
농심 '깡 스낵' 매출 껑충..최초로 월매출 100억원 넘어,2020.08.12.,중립
'1일 3깡'의 힘…농심 '깡 시리즈' 월 100억 어치 팔렸다,2020.08.12.,중립
농심 ‘깡 스낵’  열풍에… 7월 매출 100억 첫 돌파,2020.08.12.,호재
'1일 3깡'의 힘…농심 '깡 시리즈' 월 100억 어치 팔렸다,2020.08.12.,중립
'깡' 열풍에 농심 과자도 인기…월매출 100억원 돌파,2020.08.12.,호재
농심 '깡 스낵' 매출 껑충..최초로 월매출 100억원 넘어,2020.08.12.,중립
'깡' 열풍에…농심 '깡 스낵' 월매출 100억 돌파,2020.08.12.,호재
[fn포토] 수마가 할퀸 농심…원희룡 지사 “피해 복구 최선”,2020.09.04.,호재
"""라면시장이 다시 뜨거워진다""…농심·오뚜기에 풀무원 재도전장",2020.08.26.,호재
뉴욕타임즈 선정 세계 최고의 ‘신라면블랙’ 두부김치 맛은?,2020.08.31.,중립
